profession_code,profession,domain
1,Ingénieur / Ingénieure assistance technique,Affaires et support technique client
2,Ingénieur / Ingénieure service client,Affaires et support technique client
3,Ingénieur / Ingénieure support technique,Affaires et support technique client
4,Ingénieur / Ingénieure d'affaires en industrie,Affaires et support technique client
5,Ingénieur / Ingénieure de contrats industriels,Affaires et support technique client
6,Ingénieur / Ingénieure de programme d'affaires en industrie,Affaires et support technique client
7,Ingénieur / Ingénieure de projet d'affaires en industrie,Affaires et support technique client
8,Ingénieur / Ingénieure de suivi d'affaires en industrie,Affaires et support technique client
9,Ingénieur / Ingénieure pilotage de projets d'affaires industriels,Affaires et support technique client
10,Ingénieur technico-commercial / Ingénieure technico-commerciale en affaires industrielles,Affaires et support technique client
11,Ingénieur / Ingénieure d'affaires industrielles en éco-conception,Affaires et support technique client
12,Conduite d'engins agricoles et forestiers,"Agriculture et Pêche, Espaces naturels et Espaces verts"
13,Bûcheronnage et élagage,"Agriculture et Pêche, Espaces naturels et Espaces verts"
14,Entretien des espaces naturels,"Agriculture et Pêche, Espaces naturels et Espaces verts"
15,Aménagement et entretien des espaces verts,"Agriculture et Pêche, Espaces naturels et Espaces verts"
16,Paysagiste ,"Agriculture et Pêche, Espaces naturels et Espaces verts"
17,Sylviculture,"Agriculture et Pêche, Espaces naturels et Espaces verts"
18,Ingénierie en agriculture et environnement naturel,"Agriculture et Pêche, Espaces naturels et Espaces verts"
19,Conseil et assistance technique en agriculture et environnement naturel,"Agriculture et Pêche, Espaces naturels et Espaces verts"
20,Contrôle et diagnostic technique en agriculture,"Agriculture et Pêche, Espaces naturels et Espaces verts"
21,Élevage bovin ou équin,"Agriculture et Pêche, Espaces naturels et Espaces verts"
22,Élevage d'animaux sauvages ou de compagnie,"Agriculture et Pêche, Espaces naturels et Espaces verts"
23,Aquaculture,"Agriculture et Pêche, Espaces naturels et Espaces verts"
24,Arboriculture et viticulture,"Agriculture et Pêche, Espaces naturels et Espaces verts"
25,Élevage ovin ou caprin,"Agriculture et Pêche, Espaces naturels et Espaces verts"
26,Élevage porcin,"Agriculture et Pêche, Espaces naturels et Espaces verts"
27,Fabrication et affinage de fromages,"Agriculture et Pêche, Espaces naturels et Espaces verts"
28,Fermentation de boissons alcoolisées,"Agriculture et Pêche, Espaces naturels et Espaces verts"
29,Horticulture et maraîchage,"Agriculture et Pêche, Espaces naturels et Espaces verts"
30,Équipage de la pêche,"Agriculture et Pêche, Espaces naturels et Espaces verts"
31,"Polyculture, élevage","Agriculture et Pêche, Espaces naturels et Espaces verts"
32,Saliculture,"Agriculture et Pêche, Espaces naturels et Espaces verts"
33,Caviste,"Agriculture et Pêche, Espaces naturels et Espaces verts"
34,Gravure - ciselure,Arts et Façonnage d'ouvrages d'art
35,Reliure et restauration de livres et archives,Arts et Façonnage d'ouvrages d'art
36,Fabrication et réparation d'instruments de musique,Arts et Façonnage d'ouvrages d'art
37,Conservation et reconstitution d'espèces animales,Arts et Façonnage d'ouvrages d'art
38,Tapisserie - décoration en ameublement,Arts et Façonnage d'ouvrages d'art
39,Conseil clientèle en assurances,Assurance
40,Courtage en assurances,Assurance
41,Direction d'exploitation en assurances,Assurance
42,Études actuarielles en assurances,Assurance
43,Conception - développement produits d'assurances,Assurance
44,Expertise risques en assurances,Assurance
45,Indemnisations en assurances,Assurance
46,Management de groupe et de service en assurances,Assurance
47,Rédaction et gestion en assurances,Assurance
48,Souscription d'assurances,Assurance
49,Actuaire,Assurance
50,Accueil et services bancaires,Banque
51,Analyse de crédits et risques bancaires,Banque
52,Relation clients banque/finance,Banque
53,Conception et expertise produits bancaires et financiers,Banque
54,Conseil en gestion de patrimoine financier,Banque
55,Gestion de clientèle bancaire,Banque
56,Management en exploitation bancaire,Banque
57,Coiffure,Beauté
58,Soins esthétiques et corporels,Beauté
59,Boucherie,Commerce alimentaire et métiers de bouche
60,Boulangerie - viennoiserie,Commerce alimentaire et métiers de bouche
61,Charcuterie - traiteur,Commerce alimentaire et métiers de bouche
62,"Pâtisserie, confiserie, chocolaterie et glacerie",Commerce alimentaire et métiers de bouche
63,Poissonnerie,Commerce alimentaire et métiers de bouche
64,Vente en alimentation,Commerce alimentaire et métiers de bouche
65,Réparation d'articles en cuir et matériaux souples,"Commerce, Vente"
66,Hydrothérapie,"Commerce, Vente"
67,Retouches en habillement,"Commerce, Vente"
68,"Achat vente d'objets d'art, anciens ou d'occasion","Commerce, Vente"
69,Vente de végétaux,"Commerce, Vente"
70,Vente en animalerie,"Commerce, Vente"
71,Vente en articles de sport et loisirs,"Commerce, Vente"
72,Vente en décoration et équipement du foyer,"Commerce, Vente"
73,Vente en gros de matériel et équipement,"Commerce, Vente"
74,Vente en habillement et accessoires de la personne,"Commerce, Vente"
75,Relation commerciale grands comptes et entreprises,"Commerce, Vente"
76,Management en force de vente,"Commerce, Vente"
77,Relation technico-commerciale,"Commerce, Vente"
78,Téléconseil et télévente,"Commerce, Vente"
79,Tatoueur / Tatoueuse,"Commerce, Vente"
80,Fleuriste,"Commerce, Vente"
81,"Écriture d'ouvrages, de livres","Communication / Média et Multimédia"
82,Communication,"Communication / Média et Multimédia"
83,Conception de contenus multimédias,"Communication / Média et Multimédia"
84,Journalisme et information média,"Communication / Média et Multimédia"
85,Organisation d'évènementiel,"Communication / Média et Multimédia"
86,"Traduction, interprétariat","Communication / Média et Multimédia"
87,Production en laboratoire photographique,"Communication / Média et Multimédia"
88,Projection cinéma,"Communication / Média et Multimédia"
89,Réalisation de contenus multimédias,"Communication / Média et Multimédia"
90,Photographie,"Communication / Média et Multimédia"
91,Production en laboratoire cinématographique,"Communication / Média et Multimédia"
92,Façonnage et routage,"Communication / Média et Multimédia"
93,Reprographie,"Communication / Média et Multimédia"
94,Intervention technique en industrie graphique,"Communication / Média et Multimédia"
95,Développement et promotion publicitaire,"Communication / Média et Multimédia"
96,Élaboration de plan média,"Communication / Média et Multimédia"
97,Community manager,"Communication / Média et Multimédia"
98,Game designer - jeux vidéo,"Communication / Média et Multimédia"
99,Webmaster concepteur / conceptrice de site web,"Communication / Média et Multimédia"
100,Journaliste,"Communication / Média et Multimédia"
101,Organisateur / Organisatrice de soirées,"Communication / Média et Multimédia"
102,Graphiste multimédia,"Communication / Média et Multimédia"
103,Intégrateur / Intégratrice graphiste,"Communication / Média et Multimédia"
104,Modélisateur / Modélisatrice 3D,"Communication / Média et Multimédia"
105,UX - user experience designer,"Communication / Média et Multimédia"
106,UI - user interface designer,"Communication / Média et Multimédia"
107,Motion design,"Communication / Média et Multimédia"
108,Designer web ,"Communication / Média et Multimédia"
109,Analyse et ingénierie financière,Comptabilité et gestion
110,Audit et contrôle comptables et financiers,Comptabilité et gestion
111,Comptabilité,Comptabilité et gestion
112,Contrôle de gestion,Comptabilité et gestion
113,Direction administrative et financière,Comptabilité et gestion
114,Management de groupe ou de service comptable,Comptabilité et gestion
115,Trésorerie et financement,Comptabilité et gestion
116,Chargé / Chargée d'analyse et d'ingénierie financière,Comptabilité et gestion
117,Ingénieur financier / Ingénieure financière,Comptabilité et gestion
118,Architecte,"Conception, recherche, études et développement"
119,Architecte d'intérieur,"Conception, recherche, études et développement"
120,Ingénieur / Ingénieure bâtiment contrôle technique de construction -CTC-,"Conception, recherche, études et développement"
121,Ingénieur chargé / Ingénieure chargée d'affaires contrôle technique de construction -CTC-,"Conception, recherche, études et développement"
122,Ingénieur / Ingénieure contrôle technique de construction -CTC-,"Conception, recherche, études et développement"
123,Ingénieur expert / Ingénieure experte BTP,"Conception, recherche, études et développement"
124,Ingénieur / Ingénieure géologue,"Conception, recherche, études et développement"
125,Ingénieur géophysicien / Ingénieure géophysicienne,"Conception, recherche, études et développement"
126,Ingénieur / Ingénieure hydrogéologue,"Conception, recherche, études et développement"
127,Ingénieur mécanicien / Ingénieure mécanicienne des sols et des roches,"Conception, recherche, études et développement"
128,Ingénieur / Ingénieure réservoir,"Conception, recherche, études et développement"
129,Ingénieur / Ingénieure des réservoirs et des boues,"Conception, recherche, études et développement"
130,Ingénieur / Ingénieure bâtiment,"Conception, recherche, études et développement"
131,Ingénieur / Ingénieure calcul de structure,"Conception, recherche, études et développement"
132,Ingénieur chargé / Ingénieure chargée d'affaires du BTP,"Conception, recherche, études et développement"
133,Ingénieur commercial / Ingénieure commerciale BTP,"Conception, recherche, études et développement"
134,Ingénieur / Ingénieure de planification en BTP,"Conception, recherche, études et développement"
135,Ingénieur / Ingénieure génie civil,"Conception, recherche, études et développement"
136,Ingénieur / Ingénieure méthodes BTP,"Conception, recherche, études et développement"
137,Ingénieur / Ingénieure structure BTP,"Conception, recherche, études et développement"
138,Ingénieur / Ingénieure technique et études de prix,"Conception, recherche, études et développement"
139,Ingénieur / Ingénieure travaux,"Conception, recherche, études et développement"
140,Ingénieur / Ingénieure des travaux publics,"Conception, recherche, études et développement"
141,Ingénieur / Ingénieure des travaux publics de l'État,"Conception, recherche, études et développement"
142,Ingénieur / Ingénieure d'études béton armé,"Conception, recherche, études et développement"
143,Ingénieur / Ingénieure d'études BTP,"Conception, recherche, études et développement"
144,Ingénieur / Ingénieure d'études constructions métalliques,"Conception, recherche, études et développement"
145,Ingénieur / Ingénieure d'études de prix BTP,"Conception, recherche, études et développement"
146,Ingénieur / Ingénieure d'études en génie climatique,"Conception, recherche, études et développement"
147,Ingénieur / Ingénieure d'études en génie électrique,"Conception, recherche, études et développement"
148,Ingénieur / Ingénieure en acoustique,"Conception, recherche, études et développement"
149,Ingénieur / Ingénieure en domotique,"Conception, recherche, études et développement"
150,Ingénieur / Ingénieure efficacité énergétique bâtiment,"Conception, recherche, études et développement"
151,Ingénieur / Ingénieure ouvrages d'art,"Conception, recherche, études et développement"
152,Ingénieur / Ingénieure travaux terrassement,"Conception, recherche, études et développement"
153,Ingénieur / Ingénieure d'études BTP en génie climatique et énergétique,"Conception, recherche, études et développement"
154,Ingénieur / Ingénieure géomètre,"Conception, recherche, études et développement"
155,Ingénieur / Ingénieure topographe,"Conception, recherche, études et développement"
156,"Ingénieur / Ingénieure agronome en études, recherche et développement","Conception, recherche, études et développement"
157,Ingénieur / Ingénieure architecture navale,"Conception, recherche, études et développement"
158,Ingénieur / Ingénieure biochimiste en industrie,"Conception, recherche, études et développement"
159,Ingénieur / Ingénieure biologiste en industrie,"Conception, recherche, études et développement"
160,Ingénieur biomédical / Ingénieure biomédicale en industrie,"Conception, recherche, études et développement"
161,Ingénieur / Ingénieure brevet en industrie,"Conception, recherche, études et développement"
162,Ingénieur calculateur / Ingénieure calculatrice en industrie,"Conception, recherche, études et développement"
163,Ingénieur chargé / Ingénieure chargée d'études industrielles,"Conception, recherche, études et développement"
164,Ingénieur / Ingénieure chimiste en industrie,"Conception, recherche, études et développement"
165,Ingénieur / Ingénieure d'application en industrie,"Conception, recherche, études et développement"
166,Ingénieur / Ingénieure de bureau d'études en industrie,"Conception, recherche, études et développement"
167,Ingénieur / Ingénieure de conception et développement en industrie,"Conception, recherche, études et développement"
168,Ingénieur / Ingénieure de développement de produits en industrie,"Conception, recherche, études et développement"
169,Ingénieur / Ingénieure de piste en industrie,"Conception, recherche, études et développement"
170,Ingénieur / Ingénieure de recherche procédés en industrie,"Conception, recherche, études et développement"
171,Ingénieur / Ingénieure de recherche produits en industrie,"Conception, recherche, études et développement"
172,Ingénieur / Ingénieure de verrerie,"Conception, recherche, études et développement"
173,Ingénieur / Ingénieure études de moyens en industrie,"Conception, recherche, études et développement"
174,Ingénieur / Ingénieure études et procédés industriels,"Conception, recherche, études et développement"
175,Ingénieur / Ingénieure fiabilité en industrie,"Conception, recherche, études et développement"
176,Ingénieur / Ingénieure formulation en industrie,"Conception, recherche, études et développement"
177,Ingénieur / Ingénieure frigoriste en industrie,"Conception, recherche, études et développement"
178,Ingénieur / Ingénieure génie chimique en industrie,"Conception, recherche, études et développement"
179,Ingénieur / Ingénieure hydrobiologiste en industrie,"Conception, recherche, études et développement"
180,Ingénieur / Ingénieure hydrochimiste en industrie,"Conception, recherche, études et développement"
181,Ingénieur / Ingénieure instrumentation en industrie,"Conception, recherche, études et développement"
182,Ingénieur mécanicien / Ingénieure mécanicienne en industrie,"Conception, recherche, études et développement"
183,Ingénieur mécatronicien / Ingénieure mécatronicienne en industrie,"Conception, recherche, études et développement"
184,Ingénieur / Ingénieure métallurgiste en industrie,"Conception, recherche, études et développement"
185,Ingénieur / Ingénieure métrologie,"Conception, recherche, études et développement"
186,Ingénieur / Ingénieure militaire en recherche et développement,"Conception, recherche, études et développement"
187,Ingénieur / Ingénieure motoriste en industrie,"Conception, recherche, études et développement"
188,"Ingénieur / Ingénieure normalisation en études, recherche et développement","Conception, recherche, études et développement"
189,Ingénieur papetier / Ingénieure papetière en industrie,"Conception, recherche, études et développement"
190,Ingénieur physicien / Ingénieure physicienne en industrie,"Conception, recherche, études et développement"
191,Ingénieur / Ingénieure plasturgiste en industrie,"Conception, recherche, études et développement"
192,Ingénieur / Ingénieure robotique en industrie,"Conception, recherche, études et développement"
193,Ingénieur / Ingénieure spécification en industrie,"Conception, recherche, études et développement"
194,Ingénieur / Ingénieure systèmes et simulations en industrie,"Conception, recherche, études et développement"
195,Ingénieur / Ingénieure systèmes industriels,"Conception, recherche, études et développement"
196,Ingénieur / Ingénieure technique d'études en industrie,"Conception, recherche, études et développement"
197,Ingénieur / Ingénieure textile en industrie,"Conception, recherche, études et développement"
198,Ingénieur thermicien / Ingénieure thermicienne en industrie,"Conception, recherche, études et développement"
199,Ingénieur / Ingénieure validation systèmes en industrie,"Conception, recherche, études et développement"
200,Ingénieur / Ingénieure des mesures et tests en industrie,"Conception, recherche, études et développement"
201,Ingénieur / Ingénieure d'essais en études et développement en industrie,"Conception, recherche, études et développement"
202,"Ingénieur / Ingénieure d'essais en études, recherche et développement","Conception, recherche, études et développement"
203,Ingénieur / Ingénieure d'études en industrie,"Conception, recherche, études et développement"
204,Ingénieur / Ingénieure d'études-développement,"Conception, recherche, études et développement"
205,Ingénieur / Ingénieure d'études-recherche-développement en industrie,"Conception, recherche, études et développement"
206,Ingénieur / Ingénieure développements en industrie,"Conception, recherche, études et développement"
207,Ingénieur / Ingénieure d'exploitation des moyens en industrie,"Conception, recherche, études et développement"
208,Ingénieur électricien / Ingénieure électricienne en industrie,"Conception, recherche, études et développement"
209,Ingénieur électronicien / Ingénieure électronicienne en industrie,"Conception, recherche, études et développement"
210,Ingénieur / Ingénieure en aéronautique en industrie,"Conception, recherche, études et développement"
211,Ingénieur / Ingénieure en aérospatiale en industrie,"Conception, recherche, études et développement"
212,Ingénieur / Ingénieure en armement en industrie,"Conception, recherche, études et développement"
213,Ingénieur / Ingénieure en automatismes en industrie,"Conception, recherche, études et développement"
214,Ingénieur / Ingénieure en automobile en industrie,"Conception, recherche, études et développement"
215,Ingénieur / Ingénieure en avionique en industrie,"Conception, recherche, études et développement"
216,Ingénieur / Ingénieure en biopuce en industrie,"Conception, recherche, études et développement"
217,Ingénieur / Ingénieure en biotechnologie en industrie,"Conception, recherche, études et développement"
218,Ingénieur / Ingénieure en chimie en industrie,"Conception, recherche, études et développement"
219,Ingénieur / Ingénieure en composants électroniques en industrie,"Conception, recherche, études et développement"
220,Ingénieur / Ingénieure en cristallographie en industrie,"Conception, recherche, études et développement"
221,Ingénieur / Ingénieure en électronique grand public en industrie,"Conception, recherche, études et développement"
222,Ingénieur / Ingénieure en électronique médicale en industrie,"Conception, recherche, études et développement"
223,Ingénieur / Ingénieure en électronique professionnelle en industrie,"Conception, recherche, études et développement"
224,Ingénieur / Ingénieure en génie chimique en industrie,"Conception, recherche, études et développement"
225,Ingénieur / Ingénieure en innovations technologiques,"Conception, recherche, études et développement"
226,Ingénieur / Ingénieure en matériaux en industrie,"Conception, recherche, études et développement"
227,Ingénieur / Ingénieure en microbiologie en industrie,"Conception, recherche, études et développement"
228,Ingénieur / Ingénieure en micro-électronique en industrie,"Conception, recherche, études et développement"
229,Ingénieur / Ingénieure en nanotechnologie en industrie,"Conception, recherche, études et développement"
230,"Ingénieur / Ingénieure en procédés, études et développement","Conception, recherche, études et développement"
231,Ingénieur / Ingénieure en propriété industrielle,"Conception, recherche, études et développement"
232,Ingénieur / Ingénieure en recherche analytique en industrie,"Conception, recherche, études et développement"
233,Ingénieur / Ingénieure en structures aéronautiques en industrie,"Conception, recherche, études et développement"
234,Ingénieur / Ingénieure en systèmes électriques en industrie,"Conception, recherche, études et développement"
235,Ingénieur / Ingénieure en thermodynamique en industrie,"Conception, recherche, études et développement"
236,Ingénieur / Ingénieure en veille technologique en industrie,"Conception, recherche, études et développement"
237,Ingénieur / Ingénieure ERD en éco-conception produits,"Conception, recherche, études et développement"
238,Ingénieur / Ingénieure ERD en éco-conception procédés,"Conception, recherche, études et développement"
239,Ingénieur / Ingénieure recherche développement packaging,"Conception, recherche, études et développement"
240,Ingénieur / Ingénieure recherche développement énergies renouvelables en industrie,"Conception, recherche, études et développement"
241,Architecture du BTP et du paysage,"Construction, Bâtiment et Travaux publics"
242,Conception - aménagement d'espaces intérieurs,"Construction, Bâtiment et Travaux publics"
243,Contrôle et diagnostic technique du bâtiment,"Construction, Bâtiment et Travaux publics"
244,Dessin BTP et paysage,"Construction, Bâtiment et Travaux publics"
245,Études géologiques,"Construction, Bâtiment et Travaux publics"
246,Ingénierie et études du BTP,"Construction, Bâtiment et Travaux publics"
247,Mesures topographiques,"Construction, Bâtiment et Travaux publics"
248,Métré de la construction,"Construction, Bâtiment et Travaux publics"
249,Direction de chantier du BTP,"Construction, Bâtiment et Travaux publics"
250,Direction et ingénierie d'exploitation de gisements et de carrières,"Construction, Bâtiment et Travaux publics"
251,Qualité Sécurité Environnement et protection santé du BTP,"Construction, Bâtiment et Travaux publics"
252,Conduite de travaux du BTP et de travaux paysagers,"Construction, Bâtiment et Travaux publics"
253,Conduite de grue,"Construction, Bâtiment et Travaux publics"
254,Conduite d'engins de terrassement et de carrière,"Construction, Bâtiment et Travaux publics"
255,Montage de structures et de charpentes bois,"Construction, Bâtiment et Travaux publics"
256,Montage de structures métalliques,"Construction, Bâtiment et Travaux publics"
257,Réalisation - installation d'ossatures bois,"Construction, Bâtiment et Travaux publics"
258,"Application et décoration en plâtre, stuc et staff","Construction, Bâtiment et Travaux publics"
259,Électricité bâtiment,"Construction, Bâtiment et Travaux publics"
260,Installation d'équipements sanitaires et thermiques,"Construction, Bâtiment et Travaux publics"
261,Couvreur ,"Construction, Bâtiment et Travaux publics"
262,Chauffagiste ,"Construction, Bâtiment et Travaux publics"
263,Carreleur ,"Construction, Bâtiment et Travaux publics"
264,Plombier ,"Construction, Bâtiment et Travaux publics"
265,Montage de réseaux électriques et télécoms,"Construction, Bâtiment et Travaux publics"
266,Peintre  en bâtiment,"Construction, Bâtiment et Travaux publics"
267,Pose de fermetures menuisées,"Construction, Bâtiment et Travaux publics"
268,Pose de revêtements rigides,"Construction, Bâtiment et Travaux publics"
269,Pose de revêtements souples,"Construction, Bâtiment et Travaux publics"
270,Pose et restauration de couvertures,"Construction, Bâtiment et Travaux publics"
271,Réalisation et restauration de façades,"Construction, Bâtiment et Travaux publics"
272,Tailleur de pierres,"Construction, Bâtiment et Travaux publics"
273,Travaux d'étanchéité et d'isolation,"Construction, Bâtiment et Travaux publics"
274,Construction en béton,"Construction, Bâtiment et Travaux publics"
275,Construction de routes et voies,"Construction, Bâtiment et Travaux publics"
276,Maçonnerie,"Construction, Bâtiment et Travaux publics"
277,Préparation du gros oeuvre et des travaux publics,"Construction, Bâtiment et Travaux publics"
278,Pose de canalisations,"Construction, Bâtiment et Travaux publics"
279,Préfabrication en béton industriel,"Construction, Bâtiment et Travaux publics"
280,Ingénieur / Ingénieure de complétion en exploitation des gisements,"Construction, Bâtiment et Travaux publics"
281,Ingénieur / Ingénieure de forage,"Construction, Bâtiment et Travaux publics"
282,Ingénieur / Ingénieure de gisement,"Construction, Bâtiment et Travaux publics"
283,Ingénieur / Ingénieure de production pétrolière,"Construction, Bâtiment et Travaux publics"
284,Ingénieur / Ingénieure de sécurité en exploitation de gisements,"Construction, Bâtiment et Travaux publics"
285,Ingénieur / Ingénieure de sonde,"Construction, Bâtiment et Travaux publics"
286,Ingénieur / Ingénieure d'installations minières,"Construction, Bâtiment et Travaux publics"
287,Ingénieur / Ingénieure sécurité en BTP,"Construction, Bâtiment et Travaux publics"
288,Ingénieur / Ingénieure HSE - Hygiène Sécurité Environnement BTP,"Construction, Bâtiment et Travaux publics"
289,Ingénieur /Ingénieure QHSE - Qualité Hygiène Sécurité Environnement BTP,"Construction, Bâtiment et Travaux publics"
290,Ingénieur / Ingénieure de travaux,"Construction, Bâtiment et Travaux publics"
291,Ingénieur / Ingénieure aéronautique de production,"Direction, encadrement et pilotage de fabrication et production industrielles"
292,Ingénieur / Ingénieure agronome de production,"Direction, encadrement et pilotage de fabrication et production industrielles"
293,Ingénieur / Ingénieure armement de production,"Direction, encadrement et pilotage de fabrication et production industrielles"
294,Ingénieur / Ingénieure automobile de production,"Direction, encadrement et pilotage de fabrication et production industrielles"
295,Ingénieur / Ingénieure biochimiste de production,"Direction, encadrement et pilotage de fabrication et production industrielles"
296,Ingénieur / Ingénieure céramiste de production,"Direction, encadrement et pilotage de fabrication et production industrielles"
297,Ingénieur / Ingénieure chef d'atelier de fabrication,"Direction, encadrement et pilotage de fabrication et production industrielles"
298,Ingénieur / Ingénieure chef d'atelier de production,"Direction, encadrement et pilotage de fabrication et production industrielles"
299,Ingénieur / Ingénieure chef de chaîne de production,"Direction, encadrement et pilotage de fabrication et production industrielles"
300,Ingénieur / Ingénieure chef de ligne de production,"Direction, encadrement et pilotage de fabrication et production industrielles"
301,Ingénieur / Ingénieure chef de ligne process de production,"Direction, encadrement et pilotage de fabrication et production industrielles"
302,Ingénieur / Ingénieure chef d'îlot de production,"Direction, encadrement et pilotage de fabrication et production industrielles"
303,Ingénieur / Ingénieure chimiste de production,"Direction, encadrement et pilotage de fabrication et production industrielles"
304,Ingénieur / Ingénieure de fabrication,"Direction, encadrement et pilotage de fabrication et production industrielles"
305,Ingénieur / Ingénieure de fabrication industrielle,"Direction, encadrement et pilotage de fabrication et production industrielles"
306,Ingénieur / Ingénieure de fonderie,"Direction, encadrement et pilotage de fabrication et production industrielles"
307,Ingénieur / Ingénieure de forge,"Direction, encadrement et pilotage de fabrication et production industrielles"
308,Ingénieur / Ingénieure de production,"Direction, encadrement et pilotage de fabrication et production industrielles"
309,Ingénieur / Ingénieure de production d'énergie,"Direction, encadrement et pilotage de fabrication et production industrielles"
310,Ingénieur mécanicien / Ingénieure mécanicienne de production,"Direction, encadrement et pilotage de fabrication et production industrielles"
311,Ingénieur / Ingénieure plasturgiste de production,"Direction, encadrement et pilotage de fabrication et production industrielles"
312,Ingénieur / Ingénieure process de production,"Direction, encadrement et pilotage de fabrication et production industrielles"
313,Ingénieur / Ingénieure produit en production,"Direction, encadrement et pilotage de fabrication et production industrielles"
314,Ingénieur / Ingénieure responsable d'atelier de production,"Direction, encadrement et pilotage de fabrication et production industrielles"
315,Ingénieur / Ingénieure responsable d'îlot de production,"Direction, encadrement et pilotage de fabrication et production industrielles"
316,Ingénieur électricien / Ingénieure électricienne de production,"Direction, encadrement et pilotage de fabrication et production industrielles"
317,Ingénieur électromécanicien / Ingénieure électromécanicienne de production,"Direction, encadrement et pilotage de fabrication et production industrielles"
318,Ingénieur / Ingénieure électrométallurgiste de production,"Direction, encadrement et pilotage de fabrication et production industrielles"
319,Ingénieur électronicien / Ingénieure électronicienne de production,"Direction, encadrement et pilotage de fabrication et production industrielles"
320,Ingénieur / Ingénieure en chaudronnerie de production,"Direction, encadrement et pilotage de fabrication et production industrielles"
321,Ingénieur / Ingénieure en électromécanique de production,"Direction, encadrement et pilotage de fabrication et production industrielles"
322,Ingénieur / Ingénieure en électronique de production,"Direction, encadrement et pilotage de fabrication et production industrielles"
323,Ingénieur / Ingénieure en matériaux de production,"Direction, encadrement et pilotage de fabrication et production industrielles"
324,Ingénieur / Ingénieure en mécanique de production,"Direction, encadrement et pilotage de fabrication et production industrielles"
325,Ingénieur / Ingénieure en métallurgie de production,"Direction, encadrement et pilotage de fabrication et production industrielles"
326,Ingénieur / Ingénieure en procédés en production,"Direction, encadrement et pilotage de fabrication et production industrielles"
327,Ingénieur / Ingénieure en processus en production,"Direction, encadrement et pilotage de fabrication et production industrielles"
328,Ingénieur / Ingénieure en structures métalliques de production,"Direction, encadrement et pilotage de fabrication et production industrielles"
329,Ingénieur / Ingénieure en verrerie de production,"Direction, encadrement et pilotage de fabrication et production industrielles"
330,Ingénieur / Ingénieure énergie de production,"Direction, encadrement et pilotage de fabrication et production industrielles"
331,Notaire,Droit
332,Clerc,Droit
333,Clerc d'avocat,Droit
334,Clerc de commissaire-priseur,Droit
335,Clerc de notaire,Droit
336,Avocat / Avocate,Droit
337,Avocat / Avocate au conseil,Droit
338,Avocat / Avocate d'affaires,Droit
339,Avocat / Avocate du droit des personnes,Droit
340,Avocat / Avocate en droit de la propriété industrielle,Droit
341,Avocat / Avocate en droit de l'informatique,Droit
342,Avocat / Avocate en droit des nouvelles technologies,Droit
343,Avocat / Avocate fiscaliste,Droit
344,Avocat / Avocate pénaliste,Droit
345,Fiscaliste,Droit
346,Juriste,Droit
347,Aide et médiation judiciaire,Droit
348,Collaboration juridique,Droit
349,Défense et conseil juridique,Droit
350,Magistrature,Droit
351,Front office marchés financiers,Finance
352,Gestion back et middle-office marchés financiers,Finance
353,Gestion de portefeuilles sur les marchés financiers,Finance
354,Gestion de patrimoine ,Finance
355,Accueil touristique,"Hôtellerie-Restauration, Tourisme"
356,Promotion du tourisme local,"Hôtellerie-Restauration, Tourisme"
357,Conception de produits touristiques,"Hôtellerie-Restauration, Tourisme"
358,Optimisation de produits touristiques,"Hôtellerie-Restauration, Tourisme"
359,Vente de voyages,"Hôtellerie-Restauration, Tourisme"
360,Assistance de direction d'hôtel-restaurant,"Hôtellerie-Restauration, Tourisme"
361,Management d'hôtel-restaurant,"Hôtellerie-Restauration, Tourisme"
362,Management du personnel de cuisine,"Hôtellerie-Restauration, Tourisme"
363,Personnel de cuisine,"Hôtellerie-Restauration, Tourisme"
364,Réception en hôtellerie,"Hôtellerie-Restauration, Tourisme"
365,"Café, bar brasserie","Hôtellerie-Restauration, Tourisme"
366,Management du service en restauration,"Hôtellerie-Restauration, Tourisme"
367,Service en restauration,"Hôtellerie-Restauration, Tourisme"
368,Sommellerie,"Hôtellerie-Restauration, Tourisme"
369,Inspection de conformité,Hygiène Sécurité Environnement -HSE- industriels
370,Management et ingénierie Hygiène Sécurité Environnement -HSE- industriels,Hygiène Sécurité Environnement -HSE- industriels
371,Intervention technique en Hygiène Sécurité Environnement -HSE- industriel,Hygiène Sécurité Environnement -HSE- industriels
372,Ingénieur / Ingénieure conseil en prévention des risques industriels,Hygiène Sécurité Environnement -HSE- industriels
373,Ingénieur / Ingénieure criticité en risques technologiques,Hygiène Sécurité Environnement -HSE- industriels
374,"Ingénieur / Ingénieure de recherche en Hygiène, Sécurité et Environnement en industrie",Hygiène Sécurité Environnement -HSE- industriels
375,Ingénieur / Ingénieure environnement en industrie,Hygiène Sécurité Environnement -HSE- industriels
376,Ingénieur / Ingénieure environnement-hygiène-sécurité en industrie,Hygiène Sécurité Environnement -HSE- industriels
377,"Ingénieur / Ingénieure Hygiène, Sécurité et Environnement en industrie -HSE-",Hygiène Sécurité Environnement -HSE- industriels
378,Ingénieur / Ingénieure prévention en industrie,Hygiène Sécurité Environnement -HSE- industriels
379,Ingénieur / Ingénieure prévention-sécurité en industrie,Hygiène Sécurité Environnement -HSE- industriels
380,Ingénieur / Ingénieure sécurité des procédés industriels,Hygiène Sécurité Environnement -HSE- industriels
381,Ingénieur / Ingénieure sécurité en industrie,Hygiène Sécurité Environnement -HSE- industriels
382,Ingénieur / Ingénieure sécurité environnement en industrie,Hygiène Sécurité Environnement -HSE- industriels
383,Ingénieur / Ingénieure sûreté en industrie nucléaire,Hygiène Sécurité Environnement -HSE- industriels
384,Ingénieur / Ingénieure environnementaliste,Hygiène Sécurité Environnement -HSE- industriels
385,Ingénieur / Ingénieure en gestion des risques industriels,Hygiène Sécurité Environnement -HSE- industriels
386,Ingénieur / Ingénieure en maîtrise des risques industriels,Hygiène Sécurité Environnement -HSE- industriels
387,Ingénieur / Ingénieure en prévention des risques industriels,Hygiène Sécurité Environnement -HSE- industriels
388,Ingénieur / Ingénieure en radioprotection,Hygiène Sécurité Environnement -HSE- industriels
389,Ingénieur / Ingénieure en traitement des déchets industriels,Hygiène Sécurité Environnement -HSE- industriels
390,Ingénieur / Ingénieure en éco-conception,Hygiène Sécurité Environnement -HSE- industriels
391,Transaction immobilière,Immobilier
392,Gérance immobilière,Immobilier
393,Gestion locative immobilière,Immobilier
394,Management de projet immobilier,Immobilier
395,Assistance et support technique client,Industrie
396,Intervention technique en études et conception en automatisme,Industrie
397,Intervention technique en études et développement électronique,Industrie
398,"Intervention technique en études, recherche et développement",Industrie
399,Expertise technique couleur en industrie,Industrie
400,Conception et dessin de produits électriques et électroniques,Industrie
401,Conception et dessin produits mécaniques,Industrie
402,Design industriel,Industrie
403,Études - modèles en industrie des matériaux souples,Industrie
404,"Management et ingénierie études, recherche et développement industriel",Industrie
405,Rédaction technique,Industrie
406,Intervention technique en gestion industrielle et logistique,Industrie
407,Intervention technique en méthodes et industrialisation,Industrie
408,Management et ingénierie gestion industrielle et logistique,Industrie
409,Management et ingénierie méthodes et industrialisation,Industrie
410,Direction de laboratoire d'analyse industrielle,Industrie
411,Management et ingénierie qualité industrielle,Industrie
412,Intervention technique en laboratoire d'analyse industrielle,Industrie
413,Intervention technique en contrôle essai qualité en électricité et électronique,Industrie
414,Intervention technique en formulation et analyse sensorielle,Industrie
415,Intervention technique qualité en mécanique et travail des métaux,Industrie
416,Menuiserie ,"Construction, Bâtiment et Travaux publics"
417,Encadrement de production de matériel électrique et électronique,Industrie
418,Management et ingénierie de production,Industrie
419,Bobinage électrique,Industrie
420,Câblage électrique et électromécanique,Industrie
421,"Conduite d'installation automatisée de production électrique, électronique et microélectronique",Industrie
422,Montage de produits électriques et électroniques,Industrie
423,Montage et câblage électronique,Industrie
424,Pilotage d'installation énergétique et pétrochimique,Industrie
425,Conduite d'équipement de transformation du verre,Industrie
426,"Pilotage de centrale à béton prêt à l'emploi, ciment, enrobés et granulats",Industrie
427,Pilotage d'installation de production verrière,Industrie
428,Conduite d'équipement de formage et découpage des matériaux,Industrie
429,Conduite d'installation automatisée ou robotisée de fabrication mécanique,Industrie
430,Conduite d'installation de production des métaux,Industrie
431,Modelage de matériaux non métalliques,Industrie
432,Réalisation et montage en tuyauterie,Industrie
433,Montage-assemblage mécanique,Industrie
434,Moulage sable,Industrie
435,Réalisation de structures métalliques,Industrie
436,Réglage d'équipement de production industrielle,Industrie
437,Soudage manuel,Industrie
438,Chaudronnerie - tôlerie,Industrie
439,Conduite d'équipement d'usinage,Industrie
440,Conduite de traitement thermique,Industrie
441,Peinture industrielle,Industrie
442,Management et ingénierie de maintenance industrielle,Installation et Maintenance
443,Installation et maintenance d'automatismes,Installation et Maintenance
444,Installation et maintenance électronique,Installation et Maintenance
445,"Installation et maintenance en froid, conditionnement d'air",Installation et Maintenance
446,Installation et maintenance télécoms et courants faibles,Installation et Maintenance
447,Maintenance d'installation de chauffage,Installation et Maintenance
448,Maintenance électrique,Installation et Maintenance
449,Maintenance mécanique industrielle,Installation et Maintenance
450,Maintenance informatique et bureautique,Installation et Maintenance
451,Réparation de biens électrodomestiques et multimédia,Installation et Maintenance
452,Ingénieur / Ingénieure de maintenance en infrastructure,Installation et Maintenance
453,Ingénieur / Ingénieure de maintenance réseau signalisation télécoms,Installation et Maintenance
454,Ingénieur / Ingénieure de maintenance travaux génie civil,Installation et Maintenance
455,Ingénieur / Ingénieure génie civil maintenance réseaux,Installation et Maintenance
456,Ingénieur-chef / Ingénieure-chef de subdivision routière,Installation et Maintenance
457,Ingénieur / Ingénieure des travaux d'infrastructure et réseaux,Installation et Maintenance
458,Ingénieur / Ingénieure d'exploitation de la route,Installation et Maintenance
459,Ingénieur / Ingénieure chef d'atelier de maintenance industrielle,Installation et Maintenance
460,Ingénieur / Ingénieure chef d'atelier d'entretien et de maintenance électrique et électromécanique,Installation et Maintenance
461,Ingénieur / Ingénieure de maintenance en appareillage,Installation et Maintenance
462,Ingénieur / Ingénieure de maintenance en énergie,Installation et Maintenance
463,Ingénieur / Ingénieure de maintenance en infrastructure industrielle,Installation et Maintenance
464,Ingénieur / Ingénieure de maintenance en instrumentation,Installation et Maintenance
465,Ingénieur / Ingénieure de maintenance en matériel de production,Installation et Maintenance
466,Ingénieur / Ingénieure de maintenance en matériels roulants,Installation et Maintenance
467,Ingénieur / Ingénieure de maintenance industrielle,Installation et Maintenance
468,Ingénieur / Ingénieure de support technique maintenance industrielle,Installation et Maintenance
469,Ingénieur / Ingénieure d'entretien en maintenance industrielle,Installation et Maintenance
470,Ingénieur / Ingénieure d'entretien maintenance et travaux neufs en industrie,Installation et Maintenance
471,Ingénieur / Ingénieure maintenance-fiabilisation industrielle,Installation et Maintenance
472,Ingénieur / Ingénieure travaux neufs en maintenance industrielle,Installation et Maintenance
473,Ingénieur électronicien / Ingénieure électronicienne des systèmes de la sécurité aérienne,Installation et Maintenance
474,Consultant / Consultante logistique,Logistique
475,Supply chain,Logistique
476,Métallerie d'art,"Métal, verre, bijouterie et horlogerie"
477,Réalisation d'objets artistiques et fonctionnels en verre,"Métal, verre, bijouterie et horlogerie"
478,"Réalisation d'ouvrages en bijouterie, joaillerie et orfèvrerie","Métal, verre, bijouterie et horlogerie"
479,Réparation - montage en systèmes horlogers,"Métal, verre, bijouterie et horlogerie"
480,Ingénieur / Ingénieure de gestion de la production,Méthodes et gestion industrielles
481,Ingénieur / Ingénieure logistique de production,Méthodes et gestion industrielles
482,Ingénieur / Ingénieure ordonnancement en industrie,Méthodes et gestion industrielles
483,Ingénieur / Ingénieure ordonnancement-planification en industrie,Méthodes et gestion industrielles
484,Ingénieur / Ingénieure planification en industrie,Méthodes et gestion industrielles
485,Ingénieur / Ingénieure supply chain en industrie,Méthodes et gestion industrielles
486,Ingénieur / Ingénieure gestion méthodes en industrie,Méthodes et gestion industrielles
487,Ingénieur / Ingénieure industrialisation,Méthodes et gestion industrielles
488,Ingénieur / Ingénieure méthodes en industrie,Méthodes et gestion industrielles
489,Ingénieur / Ingénieure méthodes et organisation en industrie,Méthodes et gestion industrielles
490,Ingénieur / Ingénieure méthodes et process,Méthodes et gestion industrielles
491,Ingénieur / Ingénieure méthodes-industrialisation,Méthodes et gestion industrielles
492,Ingénieur / Ingénieure procédés méthodes en industrie,Méthodes et gestion industrielles
493,Ingénieur / Ingénieure process méthodes-industrialisation,Méthodes et gestion industrielles
494,Ingénieur / Ingénieure processus méthodes-industrialisation,Méthodes et gestion industrielles
495,Ingénieur / Ingénieure d'essais méthodes en industrie,Méthodes et gestion industrielles
496,Ingénieur / Ingénieure d'études de devis en méthodes-industrialisation,Méthodes et gestion industrielles
497,Stylisme,Mode 
498,Blanchisserie industrielle,Nettoyage et propreté industriels
499,Nettoyage de locaux,Nettoyage et propreté industriels
500,Ingénieur / Ingénieure - conseil en management,Organisation et études
501,Ingénieur / Ingénieure - conseil en organisation,Organisation et études
502,Ingénieur / Ingénieure en organisation,Organisation et études
503,Ingénieur statisticien / Ingénieure statisticienne,Organisation et études
504,Ingénieur / Ingénieure économiste en entreprise,Organisation et études
505,Navigation commerciale aérienne,Personnel navigant du transport aérien
506,Pilotage et navigation technique aérienne,Personnel navigant du transport aérien
507,Personnel d'escale aéroportuaire,Personnel navigant du transport aérien
508,Contrôle de la navigation aérienne,Personnel navigant du transport aérien
509,Exploitation des pistes aéroportuaires,Personnel navigant du transport aérien
510,Préparation des vols,Personnel navigant du transport aérien
511,Direction d'escale et exploitation aéroportuaire,Personnel navigant du transport aérien
512,Ingénieur / Ingénieure contrôle du bruit,Qualité et analyses industrielles
513,Ingénieur / Ingénieure d'analyse industrielle,Qualité et analyses industrielles
514,Ingénieur / Ingénieure pollution atmosphérique,Qualité et analyses industrielles
515,Ingénieur / Ingénieure qualité de l'air,Qualité et analyses industrielles
516,Ingénieur / Ingénieure qualité de l'eau,Qualité et analyses industrielles
517,Ingénieur / Ingénieure sanitaire des eaux,Qualité et analyses industrielles
518,Ingénieur-analyste / Ingénieure-analyste de l'air,Qualité et analyses industrielles
519,Ingénieur / Ingénieure en analyses de l'eau et de l'air,Qualité et analyses industrielles
520,Ingénieur / Ingénieure en génie sanitaire des eaux,Qualité et analyses industrielles
521,Ingénieur / Ingénieure assurance qualité en industrie,Qualité et analyses industrielles
522,Ingénieur / Ingénieure assurance qualité fournisseurs en industrie,Qualité et analyses industrielles
523,Ingénieur / Ingénieure contrôle qualité en industrie,Qualité et analyses industrielles
524,Ingénieur / Ingénieure contrôle qualité fabrication,Qualité et analyses industrielles
525,Ingénieur / Ingénieure fiabilité qualité en industrie,Qualité et analyses industrielles
526,Ingénieur / Ingénieure méthodes qualité industrie,Qualité et analyses industrielles
527,Ingénieur / Ingénieure qualité en industrie,Qualité et analyses industrielles
528,Ingénieur qualiticien / Ingénieure qualiticienne management de la qualité en industrie,Qualité et analyses industrielles
529,Recherche en sciences de l'homme et de la société,Recherche
530,"Recherche en sciences de l'univers, de la matière et du vivant",Recherche
531,Ingénieur / Ingénieure de police technique et scientifique,Recherche
532,Ingénieur / Ingénieure de recherche biomédicale,Recherche
533,Ingénieur / Ingénieure de recherche fondamentale,Recherche
534,Ingénieur / Ingénieure de recherche scientifique,Recherche
535,Ingénieur / Ingénieure numérique de la recherche scientifique,Recherche
536,Ingénieur / Ingénieure d'études en recherche fondamentale,Recherche
537,Ingénieur / Ingénieure d'études en recherche scientifique,Recherche
538,Assistanat en ressources humaines,Ressources humaines
539,Développement des ressources humaines,Ressources humaines
540,Management des ressources humaines,Ressources humaines
541,Médecine de prévention,Santé
542,Médecine généraliste et spécialisée,Santé
543,Médecine dentaire,Santé
544,Suivi de la grossesse et de l'accouchement,Santé
545,Biologie médicale,Santé
546,Pharmacie,Santé
547,Personnel polyvalent des services hospitaliers,Santé
548,Analyses médicales,Santé
549,Assistance médico-technique,Santé
550,Aide en puériculture,Santé
551,Imagerie médicale,Santé
552,Préparation en pharmacie,Santé
553,Orthophonie,Santé
554,Orthoptique,Santé
555,Ostéopathie et chiropraxie,Santé
556,Pédicurie et podologie,Santé
557,Prothèses dentaires,Santé
558,Prothèses et orthèses,Santé
559,Rééducation en psychomotricité,Santé
560,Audioprothèses,Santé
561,Diététique,Santé
562,Ergothérapie,Santé
563,Kinésithérapie,Santé
564,Optique - Opticien- lunetterie,Santé
565,Biologiste médical / médicale,Santé
566,Laborantin / Laborantine d'analyses médicales,Santé
567,Technicien / Technicienne de biologie médicale,Santé
568,Technicien / Technicienne de laboratoires ,Santé
569,Accueil et renseignements,Secrétariat et assistance
570,Opérations administratives,Secrétariat et assistance
571,Distribution de documents,Secrétariat et assistance
572,Assistanat de direction,Secrétariat et assistance
573,Assistanat technique et administratif,Secrétariat et assistance
574,Saisie de données,Secrétariat et assistance
575,Secrétariat,Secrétariat et assistance
576,Secrétariat comptable,Secrétariat et assistance
577,Secrétariat et assistanat médical ou médico-social,Secrétariat et assistance
578,Médiation familiale,Services à la personne et à la collectivité
579,Éducation de jeunes enfants,Services à la personne et à la collectivité
580,Ingénieur / Ingénieure documentaire,Services à la personne et à la collectivité
581,Ingénieur / Ingénieure en bibliothéconomie,Services à la personne et à la collectivité
582,Ingénieur-conseil / Ingénieure-conseil en formation,Services à la personne et à la collectivité
583,Ingénieur / Ingénieure en traitement sanitaire des eaux,Services à la personne et à la collectivité
584,Ingénieur / Ingénieure en traitement et valorisation des déchets,Services à la personne et à la collectivité
585,Conseil en services funéraires,Services funéraires
586,Thanatopraxie,Services funéraires
587,Aide aux soins animaux ,Soins aux animaux
588,Podologie animale,Soins aux animaux
589,Toilettage des animaux,Soins aux animaux
590,Soins infirmiers généralistes,Soins paramédicaux
591,Soins infirmiers spécialisés en puériculture,Soins paramédicaux
592,Aide soignant ,Soins paramédicaux
593,Soins infirmiers spécialisés en anesthésie,Soins paramédicaux
594,Soins infirmiers spécialisés en bloc opératoire,Soins paramédicaux
595,Soins infirmiers spécialisés en prévention,Soins paramédicaux
596,Psychologie,Soins paramédicaux
597,Sportif professionnel,Spectacle
598,Montage audiovisuel et post-production,Spectacle
599,Prise de son et sonorisation,Spectacle
600,Régie générale,Spectacle
601,Films d'animation et effets spéciaux,Spectacle
602,Ingénieur / Ingénieure de la vision,Spectacle
603,Ingénieur / Ingénieure du son,Spectacle
604,Direction de magasin de grande distribution,"Commerce, Stratégie commerciale, marketing et supervision des ventes"
605,Management de département en grande distribution,"Commerce, Stratégie commerciale, marketing et supervision des ventes"
606,Management et ingénierie d'affaires,"Commerce, Stratégie commerciale, marketing et supervision des ventes"
607,Administration des ventes,"Commerce, Stratégie commerciale, marketing et supervision des ventes"
608,Analyse de tendance,"Commerce, Stratégie commerciale, marketing et supervision des ventes"
609,Management et gestion de produit,"Commerce, Stratégie commerciale, marketing et supervision des ventes"
610,Management relation clientèle,"Commerce, Stratégie commerciale, marketing et supervision des ventes"
611,Marketing,"Commerce, Stratégie commerciale, marketing et supervision des ventes"
612,Promotion des ventes,"Commerce, Stratégie commerciale, marketing et supervision des ventes"
613,Stratégie commerciale,"Commerce, Stratégie commerciale, marketing et supervision des ventes"
614,Ingénieur / Ingénieure produit,"Commerce, Stratégie commerciale, marketing et supervision des ventes"
615,Ingénieur / Ingénieure de promotion des ventes,"Commerce, Stratégie commerciale, marketing et supervision des ventes"
616,Achats,"Commerce, Stratégie commerciale, marketing et supervision des ventes"
617,Direction des achats,"Commerce, Stratégie commerciale, marketing et supervision des ventes"
618,Direction de grande entreprise ou d'établissement public,"Commerce, Stratégie commerciale, marketing et supervision des ventes"
619,Direction de petite ou moyenne entreprise,"Commerce, Stratégie commerciale, marketing et supervision des ventes"
620,Management ,"Commerce, Stratégie commerciale, marketing et supervision des ventes"
621,Ingénieur / Ingénieure achats,"Commerce, Stratégie commerciale, marketing et supervision des ventes"
622,Études et développement informatique,Systèmes d'information et de télécommunication
623,Conseil et maîtrise d'ouvrage en systèmes d'information,Systèmes d'information et de télécommunication
624,Exploitation de systèmes de communication et de commandement,Systèmes d'information et de télécommunication
625,Information géographique,Systèmes d'information et de télécommunication
626,Information météorologique,Systèmes d'information et de télécommunication
627,Production et exploitation de systèmes d'information,Systèmes d'information et de télécommunication
628,Administration de systèmes d'information,Systèmes d'information et de télécommunication
629,Expertise et support en systèmes d'information,Systèmes d'information et de télécommunication
630,Direction des systèmes d'information,Systèmes d'information et de télécommunication
631,Études et développement de réseaux de télécoms,Systèmes d'information et de télécommunication
632,Développeur / Développeuse d'application,Systèmes d'information et de télécommunication
633,Développeur / Développeuse informatique,Systèmes d'information et de télécommunication
634,Développeur / Développeuse multimédia,Systèmes d'information et de télécommunication
635,Développeur / Développeuse web,Systèmes d'information et de télécommunication
636,Ingénieur / Ingénieure analyste en système d'information,Systèmes d'information et de télécommunication
637,Ingénieur / Ingénieure analyste informatique,Systèmes d'information et de télécommunication
638,Ingénieur analyste-programmeur / Ingénieure analyste-programmeuse,Systèmes d'information et de télécommunication
639,Ingénieur concepteur / Ingénieure conceptrice informatique,Systèmes d'information et de télécommunication
640,Ingénieur / Ingénieure d'analyse et de programmation en informatique de gestion,Systèmes d'information et de télécommunication
641,Ingénieur / Ingénieure d'application informatique,Systèmes d'information et de télécommunication
642,Ingénieur / Ingénieure de conception informatique,Systèmes d'information et de télécommunication
643,Ingénieur / Ingénieure de développement informatique,Systèmes d'information et de télécommunication
644,Ingénieur / Ingénieure de réalisation informatique,Systèmes d'information et de télécommunication
645,Ingénieur informaticien / Ingénieure informaticienne,Systèmes d'information et de télécommunication
646,Ingénieur / Ingénieure informatique développement en temps réel,Systèmes d'information et de télécommunication
647,Ingénieur / Ingénieure logiciel informatique,Systèmes d'information et de télécommunication
648,Ingénieur / Ingénieure programme informatique,Systèmes d'information et de télécommunication
649,Ingénieur / Ingénieure d'étude en applications scientifiques informatiques,Systèmes d'information et de télécommunication
650,Ingénieur / Ingénieure d'étude en informatique de gestion,Systèmes d'information et de télécommunication
651,Ingénieur / Ingénieure d'étude et développement informatique,Systèmes d'information et de télécommunication
652,Ingénieur / Ingénieure d'étude informatique,Systèmes d'information et de télécommunication
653,Ingénieur / Ingénieure d'étude logiciel informatique,Systèmes d'information et de télécommunication
654,Ingénieur / Ingénieure développement logiciel informatique,Systèmes d'information et de télécommunication
655,Ingénieur / Ingénieure d'intégration applicative,Systèmes d'information et de télécommunication
656,Ingénieur / Ingénieure en développement d'applications,Systèmes d'information et de télécommunication
657,Chef de projet TMA - Tierce Maintenance Applicative,Systèmes d'information et de télécommunication
658,Scrum Master,Systèmes d'information et de télécommunication
659,Développeur / Développeuse front-end,Systèmes d'information et de télécommunication
660,Développeur / Développeuse back-end,Systèmes d'information et de télécommunication
661,Programmeur / Programmeuse - jeux vidéo,Systèmes d'information et de télécommunication
662,Développeur / Développeuse - jeux vidéo,Systèmes d'information et de télécommunication
663,Développeur / Développeuse web mobile,Systèmes d'information et de télécommunication
664,Analyste en cybersécurité,Systèmes d'information et de télécommunication
665,Développeur / Développeuse de sécurité des systèmes d'information,Systèmes d'information et de télécommunication
666,Développeur / Développeuse full-stack,Systèmes d'information et de télécommunication
667,Développeur / Développeuse Big Data,Systèmes d'information et de télécommunication
668,Consultant / Consultante en système d'information,Systèmes d'information et de télécommunication
669,Consultant / Consultante décisionnel - Business Intelligence,Systèmes d'information et de télécommunication
670,Ingénieur / Ingénieure hydrographe,Systèmes d'information et de télécommunication
671,Ingénieur / Ingénieure Systèmes d'Information Géographique -SIG,Systèmes d'information et de télécommunication
672,Ingénieur / Ingénieure des travaux de la météorologie,Systèmes d'information et de télécommunication
673,Ingénieur / Ingénieure de production informatique,Systèmes d'information et de télécommunication
674,Ingénieur / Ingénieure d'exploitation informatique,Systèmes d'information et de télécommunication
675,Ingénieur / Ingénieure méthodes informatiques,Systèmes d'information et de télécommunication
676,Ingénieur / Ingénieure réseau informatique,Systèmes d'information et de télécommunication
677,Ingénieur / Ingénieure sécurité informatique,Systèmes d'information et de télécommunication
678,Ingénieur / Ingénieure système informatique,Systèmes d'information et de télécommunication
679,Ingénieur / Ingénieure système réseau informatique,Systèmes d'information et de télécommunication
680,Ingénieur / Ingénieure sécurité web,Systèmes d'information et de télécommunication
681,Consultant / Consultante télécoms,Systèmes d'information et de télécommunication
682,Ingénieur / Ingénieure déploiement télécoms,Systèmes d'information et de télécommunication
683,Ingénieur / Ingénieure études et support télécoms,Systèmes d'information et de télécommunication
684,Ingénieur / Ingénieure radio,Systèmes d'information et de télécommunication
685,Ingénieur / Ingénieure réseaux télécoms,Systèmes d'information et de télécommunication
686,Ingénieur / Ingénieure télécommunication,Systèmes d'information et de télécommunication
687,Ingénieur / Ingénieure télécoms,Systèmes d'information et de télécommunication
688,Ingénieur / Ingénieure validation réseaux de télécoms,Systèmes d'information et de télécommunication
689,Ingénieur / Ingénieure en architecture télécoms,Systèmes d'information et de télécommunication
690,Direction de site logistique,Transport et Logistique
691,Intervention technique d'exploitation logistique,Transport et Logistique
692,Conduite sur rails,Transport et Logistique
693,Circulation du réseau ferré,Transport et Logistique
694,Manoeuvre du réseau ferré,Transport et Logistique
695,Mécanique automobile et entretien de véhicules,"Véhicules, engins, aéronefs"
696,Mécanique de marine,"Véhicules, engins, aéronefs"
697,Réparation de carrosserie,"Véhicules, engins, aéronefs"
698,"Réparation de cycles, motocycles et motoculteurs de loisirs","Véhicules, engins, aéronefs"
699,Management et gestion,Gestion
700,vente/Commercial,"Commerce, Vente"
701,Business developer,"Commerce, Vente"
702,Conseiller de Vente,"Commerce, Vente"
709,Chargé e de Communication,Communication / Média et Multimédia
710,Assistant achat,"Commerce, Stratégie commerciale, marketing et supervision des ventes"
711,Assistant Social Média,Communication / Média et Multimédia
712,Assistant Maketing Digital,Communication / Média et Multimédia
713,Assistant Chargé de clientèle Média,Communication / Média et Multimédia
717,Gestionnaire de paie,Ressources humaines
715,Chargé de recrutement,Ressources humaines
716,Chef de projet RH,Ressources humaines
721,Chargé d'études satisfaction client,"Commerce, Stratégie commerciale, marketing et supervision des ventes"
722,Chargé de recouvrement,Comptabilité et gestion
723,Chargé de relations publiques,Communication / Média et Multimédia
724,Chargé d'études statistiques,"Commerce, Stratégie commerciale, marketing et supervision des ventes"
725,Chargé de marketing,"Commerce, Stratégie commerciale, marketing et supervision des ventes"
726,Chargé de mission RH,Ressources humaines
728,Chargé de ressources humaines,Ressources humaines
727,Chargé d'études marketing,"Commerce, Stratégie commerciale, marketing et supervision des ventes"
729,Chargé d'affaires,"Commerce, Vente"
730,Chargé de développement commercial,"Commerce, Vente"
731,Chargé de contentieux,Comptabilité et gestion
732,Chargé de clientèle,Banque
733,Chargé de conformité,Banque
735,Chef de projet CRM,"Commerce, Vente"
736,Chef de projet e-commerce,"Commerce, Stratégie commerciale, marketing et supervision des ventes"
737,Chef de mission comptable,Comptabilité et gestion
738,Chef de projet communication,Communication / Média et Multimédia
739,Chef de projet évènementiel,Communication / Média et Multimédia
740,Chef de projet digital,Communication / Média et Multimédia
741,Chef de produit,"Commerce, Stratégie commerciale, marketing et supervision des ventes"
742,Chef de projet marketing,"Commerce, Stratégie commerciale, marketing et supervision des ventes"
743,Chef de projet web marketing,"Commerce, Stratégie commerciale, marketing et supervision des ventes"
744,Chef de projet SIRH,Ressources humaines
745,Chef du personnel,Ressources humaines
746,Graphiste,Communication / Média et Multimédia
751,Chef de projet évènementiel,Communication / Média et Multimédia
753,Assistant de Communication,Communication / Média et Multimédia
754,Chargé en développement des Ressources Humaines,Ressources humaines
755,Charge de communication - événementiel,Communication / Média et Multimédia
756,Direction Artistique,Communication / Média et Multimédia
757,Animateur réseau,"Commerce, Stratégie commerciale, marketing et supervision des ventes"
758,Assistant commercial,"Commerce, Vente"
759,Assistant événementiel,Communication / Média et Multimédia
760,Assistante RH - Chargée de paie,Ressources humaines
761,Cadreur,Audiovisuel
762,Chef opérateur lumière,Audiovisuel
763,Assistant de production,Audiovisuel
764,Chef opérateur lumière,Audiovisuel
770,Assistant d'édition,Communication / Média et Multimédia
767,Data scientist,"Conception, recherche, études et développement"
768,Chargé de marketing communication,"Commerce, Stratégie commerciale, marketing et supervision des ventes"
